, Kingdom, Clade, Phylum, Class, Subclass, Order, Family, Genus, Species
AGCTCCAATAGCGTATATTAAAGTTGCTGCAGTTAAAAAGCTCGTAGTTGGATTTCTAGCGAGGCACGAGAATATCCACCTATGGTGAATACTTCTCTCGCCTTGCTCTTCTTTAGTTGATGTCTCTGGCATTAAGTTGTCGGAGTCCTGAGACTAATCGTTTACTGTGAGAAAATTAGAGTGTTCAAAGCAGGCTTATGCCGTTGAATATATTAGCATGGAATAATAAGATAGGACCTCGGTACTATTTTGTTGGTTTGCGTACTGATGTAATGATAAATAGGGACTGGCGTGGGTATTCGTATTATGATGTCAGAGGTGAAATTCTTAGATTATCGTAAGACGAACGACTGCGAAAGCATTTACCAAGGATGTTT, Eukaryota, Sar, Ochrophyta, Coscinodiscophyceae, Chaetocerotophycidae, Chaetocerotales, Chaetocerotaceae, Chaetoceros, Chaetoceros debilis
AGCTCCAATAGCGTATATTAAAGTTGCTGCAGTTAAAAAGCTCGTAGTTGGATTTCTAGCGAGGCACGAGAATATCCACCTATGGTGAATACTTCTCTCGCCTTGCTCTTCTTTAGTTGATGTCTCTGGCATTAAGTTGTCGGAGTCCTGAGACTAATCGTTTACTGTGAGAAAATTAGAGTGTTCAAAGCAGGCTTATGCCGTTGAATATATTAGCATGGAATAATAAGATAGGACTTCGGTACTATTTTGTTGGTTTGCGTACTGATGTAATGATAAATAGGGACTGGCGTGGGTATTCGTATTATGATGTCAGAGGTGAAATTCTTAGATTATCGTAAGACGAACGACTGCGAAAGCATTTACCAAGGATGTTT, Eukaryota, Sar, Ochrophyta, Coscinodiscophyceae, Chaetocerotophycidae, Chaetocerotales, Chaetocerotaceae, Chaetoceros, Chaetoceros brevis
AGCTCCAATAGCGTATATTAAAGTTGTTGCGGTTAAAAAGCTCGTAGTTGGATTTCTGCCGAGGACGACCGGTCCGCCCTCTGGGTGAGTATCTGGCTTGGCCTGGGCATCTTCTTGGAGAACGTAGCTGCACTTGACTGTGTGGTGCGGTATCCAGGACTTTTACTTTGAGGAAATTAGAGTGTTTCAAGCAGGCATGCGCCTTGAATACATTAGCATGGAATAATAAGATAGGACCTCGGTTCTATTTTGTTGGTTTCTAGAGCTGAGGTAATGATTAATAGGGATAGTTGGGGGCATTCGTATTTAACTGTCAGAGGTGAAATTCTTGGATTTGTTAAAGACGGACTACTGCGAAAGCATTTGCCAAGGATGTTT, Eukaryota, Sar, Myzozoa, Dinophyceae, NA, Peridiniales, Heterocapsaceae, Heterocapsa, Heterocapsa rotundata
AGCTCCAATAGCGTATATTAAAGTTGTTGCGGTTAAAAAGCTCGTAGTTGGATTTCTGCTGAGGACGACCGGTCCGCCCTCCGGGTGAGCATCTGGTTCGGCCTTGGCATCTTCTTGGTGAACGTATCTGCACTTGACTGTGTGGTGCGGTACCCAGGACTTTTACTTTGAGGAAATTAGAGTGTTTCAAGCAGGCATACGCCTTGAATACATTAGCATGGAATAATAAGATAGGACCTCGGTTCTATTTTGTTGGTTTCTAGAGCTGAGGTAATGATTAATAGGGATAGTTGGGGGCATTCGTATTTAACTGTCAGAGGTGAAATTCTTGGATTTGTTAAAGACGGACTACTGCGAAAGCATTTGCCAAGGATGTTT, Eukaryota, Sar, Myzozoa, Dinophyceae, NA, Gymnodiniales, Gymnodiniaceae, Gyrodinium, Gyrodinium helveticum
AGCTCCAATAGCGTATATTAAAGTTGTTGCAGTTAAAAAGCTCGTAGTTGGATTTCTGGTGGGAGTGATCGGTCCGGCACTCATGTGTCGGTACTCGTATTGTCTCCGGCCATCCTTGGGTGGAGTCTGTTTGGCATTAAGTTGTCGAGCAGGTGATGCCCATCGTTTACTGTGAAAAAATTAGAGTGTTCAAAGCAGGCTTAGGCCGTTGAATATATTAGCATGGAATAATAAGATAGGACCTTGGTACTATTTTGTTGGTTTGCGCACCGGGGTAATGATTAATAGGGACAGTTGGGGGTATTTGTATTCCGTTGTCAGAGGTGAAATTCTTGGATTTACGGAAGACAAACTACTGCGAAAGCATTTACCAAGGATGTTT, Eukaryota, Sar, Ochrophyta, Mediophyceae, Biddulphiophycidae, Hemiaulales, Hemiaulaceae, Hemiaulus, unclassified Hemiaulus
AGCTCCAATAGCGTATATTAAAGTTGTTGCAGTTAAAAAGCTCGTAGTCGGATTTCGGGTCGGGCCGAGCGGTCTGCCGATGGGTATGCACTGTTTGGCGCGGCCTTCTTTCCGGAGACCGCGGCTACTCTTAACTGAGCGGGCGTGGGAGACGGATCGTTTACTTTGAAAAAATCAGAGTGTTTCAAGCAGGCAGCTCGCTCTTGCATGGATTAGCATGGGATAATTGAATAGGACTCTGGTGCTATTTTGTTGGTTTCGAACACCGGAGTAATGATTAACAGGGACAGTCAGGGGCACTCGTATTCCGTCGAGAGAGGTGAAATTCTCAGACCAATGGAAGACGAACCACTGCGAAAGCATTTGCCAGGGATGTTT, Eukaryota, NA, NA, Haptophyceae, NA, Phaeocystales, Phaeocystaceae, Phaeocystis, Phaeocystis antarctica
AGCTCCAATAGCGTATATTAAAGTTGTTGCAGTTAAAAAGCTCGTAGTCGGATTTCGGGTCGGGCCGAGCGGTCTGCCGATGGGTATGCACTGTTTGGCGCGGCCTTCTTTCCGGAGACCGCGGCTACTCTTAACTGAGCGGGCGTGGGAGACGGATCGTTTACTTTGAAAAAATCAGAGTGTTTCAAGCAGGCAGCTCGCTCTTGCATGGATTAGCATGGGATAATCGAATAGGACTCTGGTGCTATTTTGTTGGTTTCGAACACCGGAGTAATGATTAACAGGGACAGTCAGGGGCACTCGTATTCCGTCGAGAGAGGTGAAATTCTCAGACCAATGGAAGACGAACCACTGCGAAAGCATTTGCCAGGGATGTTT, Eukaryota, Haptista, Haptophyta, Prymnesiophyceae, NA, Phaeocystales, Phaeocystaceae, Phaeocystis, Phaeocystis antarctica
AGCTCCAATAGCGTATATTAAAGTTGTTGCGGTTAAAAAGCTCGTAGTTGGATTTCTGCCGAGGACGACCGGTCCGCCCTCTGGGTGAGTATCTGGCTCGGCCTGGGCATCTTCTTGGAGAACGTAGCTGCACTTGACTGTGTGGTGCGGTATCCAGGACTTTTACTTTGAGGAAATTAGAGTGTTTCAAGCAGGCACACGCCTTGAATACATTAGCATGGAATAATAAGATAGGACCTCGGTTCTATTTTGTTGGTTTCTAGAGCTGAGGTAATGATTAATAGGGATAGTTGGGGGCATTCGTATTTAACTGTCAGAGGTGAAATTCTTGGATTTGTTAAAGACGGACTACTGCGAAAGCATTTGCCAAGGATGTTT, Eukaryota, Sar, Myzozoa, Dinophyceae, NA, Gymnodiniales, Ptychodiscaceae, Ptychodiscus, Ptychodiscus noctiluca
AGCTCCAATAGCGTATATTAAAGTTGTTGCAGTTAAAAAGCTCGTAGTTGGATTTCTGGCAGGAGCGACCGGTCACACACTCTGTGTGTGAACTTGTGTTGTCTCTGGCCATCCTTGGGGAGATCCTGTTTGGCATTAAGTTGTCGGGCAGGGGATACCCATCGTTTACTGTGAAAAAATTAGAGTGTTTAAAGCAGGCTTATGCCGTTGAATATATTAGCATGGAATAATAAGATAGGACTTCGGAACTATTTTGTTGGTTTGCGTTACGAAGTAATGATTAATAGGGACAGTTGGGGGTATTCGTATTTCGTTGTCAGAGGTGAAATTCTTGGATTTCCGAAAGACGAACTACTGCGAAAGCATTTACCAAGGATGTTT, Eukaryota, Sar, Ochrophyta, Coscinodiscophyceae, Thalassiosirophycidae, Thalassiosirales, Thalassiosiraceae, Minidiscus, unclassified Minidiscus
AGCTCCAATAGCGTATATTAAAGTTGTTGCAGTTAAAAAGCTCGTAGTTGGATTTCTGGTGGGAGGGATCGGTCCAGCACACTGTGTTGGAACTGGATCCTCTCCGGCCATCCTTGGGTGGATCTTGTCTGGCATTAAGTTGTCAGTCAGGGGATGCCCATCGTTTACTGTGAAAAAATTAGAGTGTTCAAAGCAGGCTTATGCCATTGAATATATTAGCATGGAATAATAAGATAGGGCCCTGGTGCTATTTTGTTGGTTTGCGTACCGAGGTAATGATTAATAGGGACAGTTGGGGGTATTTGTATTCAGTATTCAGTGGTGAAATACTTAGACCTACGGAAGACAAACTACTGCGAAAGCATTTACCAAGGATGTTT, Eukaryota, Sar, Ochrophyta, Coscinodiscophyceae, Chaetocerotophycidae, Chaetocerotales, Chaetocerotaceae, Chaetoceros, Chaetoceros atlanticus
AGCTCCAATAGCGTATATTAAAGTTGTTGCAGTTAAAAAGCTCGTAGTTGGATTTGTGGTGTGTCCAGTCGGCCTTTGCTCTTTGAGTGATTGTGCTGTACTGGTCTGCCATGTTTGGGTGGAATCTGTGTGGCATTAAGTTGTCGTGCAGGGGATGCCCATCGTTTACTGTGAAAAAATTAGAGTGTTCAAAGCAGGCTTACGCCGTTGAATATATTAGCATGGAATAATAATATAGGACCTTGGTACTATTTTGTTGGTTTGCGCACTAAGGTAATGATTAAGAGGGACAGTTGGGGGTATTTGTATTCCATTGTCAGAGGTGAAATTCTTGGATTTTTGGAAGACAAACTACTGCGAAAGCATTTACCAAGGATGTTT, Eukaryota, Sar, Ochrophyta, Bacillariophyceae, Bacillariophycidae, Bacillariales, Bacillariaceae, Pseudo-nitzschia, Pseudo-nitzschia turgidula
AGCTCCAATAGCGTATATTAAAGTTGTTGCGGTTAAAAAGCTCGTAGTTGGATTTCTGCCGAGGACGACCGGTCCGCCCTCTGGGTGAGTATCTGGTTCGGCCTGGGCATCTTCTTGGAGAACGTATCTGCACTTGACTGTGTGGTGCGGTATCCAGGACTTTTACTTTGAGGAAATTAGAGTGTTTCAAGCAGGCACACGCCTTGAATACATTAGCATGGAATAATAAGATAGGACCTTGGTTCTATTTTGTTGGTTTCTAGAGCTGAGGTAATGATTAATAGGGATAGTTGGGGGCATTCGTATTTAACTGTCAGAGGTGAAATTCTTGGATTTGTTAAAGACGGACTACTGCGAAAGCATTTGCCAAGGATGTTT, Eukaryota, Sar, Myzozoa, Dinophyceae, NA, Peridiniales, Heterocapsaceae, Heterocapsa, Heterocapsa rotundata
AGCTCCAATAGCGTATATTAAAGTTGTTGCGGTTAAAAAGCTCGTAGTTGGATTTCTGCTGAGGACGACCGGTCCGCCCTCTGGGTGAGTATCTGGCTCGGCCTTGGCATCTTCTTGGAGAACGTAACTGCACTTGACTGTGTGGTGCGGTATTCAGGACTTTTACTTTGAGGAAATTAGAGTGTTTCAAGCAGGCGCATGCCTTGAATACATTAGCATGGAATAATGAGATAGGACCTTGGTTCTATTTTGTTGGTTTCTAGAGCTGAGGTAATGATTAATAGGGATAGTTGGGGGCATTCGTATTTAACTGTCAGAGGTGAAATTCTTGGATTTGTTAAAGACGGACTACTGCGAAAGCATTTGCCAAGGATGTTT, Eukaryota, Sar, Myzozoa, Dinophyceae, NA, Gymnodiniales, Warnowiaceae, Warnowia, unclassified Warnowia
AGCTCCAATAGCGTATATTAAAGTTGTTGCGGTTAAAAAGCTCGTAGTTGGATTTCTGCTGAGGACGACCGGTCCGCCCTCTGGGTGAGTATCTGGCTCGGCCTTGGCATCTTCTTGGGGAACGTAACTGCACTTGACTGTGTGGTGCGGTATCCAGGACTTTTACTTTGAGGAAATTAGAGTGTTTCAAGCAGGCGCACGCCTTGAATACATTAGCATGGAATAATAAGATAGGACCTTGGTTCTATTTTGTTGGTTTCTAGAGCTGAGGTAATGATTAATAGGGATAGTTGGGGGCATTCGTATTTAACTGTCAGAGGTGAAATTCTTGGATTTGTTAAAGACGGACTACTGCGAAAGCATTTGCCAAGGATGTTT, Eukaryota, Sar, Myzozoa, Dinophyceae, NA, Gymnodiniales, Warnowiaceae, Warnowia, unclassified Warnowia
AGCTCCAATAGCGTATATTAAAGTTGTTGCGGTTAAAAAGCTCGTAGTTGGATTTCTGCCGAGGACGACCGGTCCGCCCTCTGGGTGAGTATCTGGCTCGGCCTGGGCATCTTCTTGGAGAACGTAGCTGCACTTGACTGTGTGGTGCGGTATCCAGGACTTTTACTTTGAGGAAATTAGAGTGTTTCAAGCAGGCATACGCCTTGAATACATTAGCATGGAATAATAAGATAGGACCTCGGTTCTATTTTGTTGGTTTCTAGAGCTGAGGTAATGATTAATAGGGATAGTTGGGGGCATTCGTATTTAACTGTCAGAGGTGAAATTCTTGGATTTGTTAAAGACGGACTACTGCGAAAGCATTTGCCAAGGATGTTT, Eukaryota, Sar, Myzozoa, Dinophyceae, NA, Gymnodiniales, Kareniaceae, Karenia, Karenia papilionacea
AGCTCCAATAGCGTATATTAAAGTTGTTGCAGTTAAAAAGCTCGTAGTTGGATTTGTGGTGTGTCCAGTCGGCCTTTGCTCTTTGAGTGATTGTGCTGTACTGGTCTGCCATGTTTGGGTGGAATCTGTGTGGCATTAAGTTGTCGTGCAGGGGATGCCCATCGTTTACTGTGAAAAAATTAGAGTGTTCAAAGCAGGCTTATGCCGTTGAATATATTAGCATGGAATAATGATATAGGACCTTGGTACTATTTTGTTGGTTTGCGCACTAAGGTAATGATTAAGAGGGACAGTTGGGGGTATTTGTATTCCATTGTCAGAGGTGAAATTCTTGGATTTTTGGAAGACAAACTACTGCGAAAGCATTTACCAAGGATGTTT, Eukaryota, Sar, Ochrophyta, Bacillariophyceae, Bacillariophycidae, Bacillariales, Bacillariaceae, Pseudo, unclassified Pseudo
AGCTCCAATAGCGTATATTAAAGTTGTTGCGGTTAAAAAGCTCGTAGTTGGATTTCTGCCGAGGACGACCGGTCCGCCCTCTGGGTGAGTATCTGGCTCGGCCTGGGCATCTTCTTGGAGAACGTATCTGCACTTGACTGTGTGGTGCGGTATCCAGGACTTTTACTTTGAGGAAATTAGAGTGTTTCAAGCAGGCATACGCCTTGAATACATTAGCATGGAATAATAAGATAGGACCTCGGTTCTATTTTGTTGGTTTCTAGAGCTGAGGTAATGATTAATAGGGATAGTTGGGGGCATTCGTATTTAACTGTCAGAGGTGAAATTCTTGGATTTGTTAAAGACGGACTACTGCGAAAGCATTTGCCAAGGATGTTT, Eukaryota, Sar, Myzozoa, Dinophyceae, NA, Peridiniales, Heterocapsaceae, Heterocapsa, Heterocapsa rotundata
AGCTCCAATAGCGTATATTAAAGTTGTTGCGGTTAAAAAGCTCGTAGTTGGATTTCTGCTGAGGACGACCGGTCCGCCCTCTGGGTGAGTATCTGGCTTGGCCTTGGCATCTTCTTGGAGAACGTAGCTGCACTTGACTGTGTGGTGCGGTATCCAGGACTTTTACTTTGAGGAAATTAGAGTGTTTCAAGCAGGCACACGCCTTGAATACATTAGCATGGAATAATAAGATAGGACCTTGGTTCTATTTTGTTGGTTTCTAGAGCTGAGGTAATGATTAATAGGGATAGTTGGGGGCATTCGTATTTAACTGTCAGAGGTGAAATTCTTGGATTTGTTAAAGACGGACTACTGCGAAAGCATTTGCCAAGGATGTTT, Eukaryota, Sar, Myzozoa, Dinophyceae, NA, Peridiniales, Heterocapsaceae, Heterocapsa, Heterocapsa rotundata
AGCTCCAATAGCGTATATTAAAGTTGTTGCGGTTAAAAAGCTCGTAGTTGGATTTCTGCCGAGGACGACCGGTCCGCCCTCTGGGTGAGTATCTGGCTTGGCCTGGGCATCTTCTTGGAGAACGTAGCTGCACTTGACTGTGTGGTGCGGTATCCAGGACTTTTACTTTGAGGAAATTAGAGTGTTTCAAGCAGGCATACGCCTTGAATACATTAGCATGGAATAATAAGATAGGACCTCGGTTCTATTTTGTTGGTTTCTAGAGCTGAGGTAATGATTAATAGGGATAGTTGGGGGCATTCGTATTTAACTGTCAGAGGTGAAATTCTTGGATTTGTTAAAGACGGACTACTGCGAAAGCATTTGCCAAGGATGTTT, Eukaryota, Sar, Myzozoa, Dinophyceae, NA, Peridiniales, Heterocapsaceae, Heterocapsa, Heterocapsa rotundata
AGCTCCAATAGCGTATATTAAAGTTGTTGTAGTTAAAAAGCTCGTAGTTTGATGTCTGGTGGGAGCAATCAGTATGGCACTTTGTGTCGTAGCTTGCATTGTCTCTGACCATCCTTGGAAAGAATCAGTCTGGCATTAAGTTGTCGGGCTGAAGATTTCCATCTTTTACTGTGAAAAAATTAGAGTGTTCAAAGCAGGCTTAAGCCGTTGAATATATTAGCATGGAATAATGATATAGGACTTTGGTGCTATTTTGTTGGTTTACGTGCCATAGTAATGATTAACAGGGACAGTTGGGGGTATTTGTATTCCAATGTCAGAGGTGAAATTCTTGGATTTTTGGAAGACAAACTACTGCGAAAGCATTTACCAAGGATGTTT, Eukaryota, Sar, Ochrophyta, Coscinodiscophyceae, Coscinodiscophycidae, Asterolamprales, Asterolampraceae, Asteromphalus, unclassified Asteromphalus
AGCTCCAATAGCGTATATTAAAGTTGTTGCAGTTAAAAAGCTCGTAGTTGGATTTGTGGTGTGTCCAGTTGGCCTTTGCTCTTTGAGTGATTGTGCTGTACTGGTCTGCCATGTTTGGGTGGAATCTGTGTGGCATTAAGTTGTCGTGCAGGGGATGCCCATCGTTTACTGTGAAAAAATTAGAGTGTTCAAAGCAGGCTTATGCCGTTGAATATATTAGCATGGAATAATAATATAGGACCTTGGTACTATTTTGTTGGTTTGCGCACTAAGGTAATGATTAAGAGGGACAGTTGGGGGTATTTGTATTCCATTGTCAGAGGTGAAATTCTTGGATTTTTGGAAGACAAACTACTGCGAAAGCATTTACCAAGGATGTTT, Eukaryota, Sar, Ochrophyta, Bacillariophyceae, Bacillariophycidae, Bacillariales, Bacillariaceae, Pseudo-nitzschia, Pseudo-nitzschia cuspidata
AGCTCCAATAGCGTATATTAAAGTTGTTGTGGTTAAAAAGCTCGTAGTTGGATCTCGGCAGTCTGAGGGCGGTTTACTTGCTAGTATTACTGCCCTATAGACTGTAGTTTTGCCAGAGGTTTTAGGGTGCTCTTAATCGAGTGTCCTGGGATGCTGGCAGGTTTACTTTGAAAAAATTAGAGTGCTCAAAGCAGGCTATTACGCCTGAATATTCGTGCATGGAATAATAGAATAGGAAGTCGTTTCTATTTTGTTGGTTTTCGGAAATCGACTTAATGATTAATAGGGACAGTCGGGGGCATTTGTATTCAAACGACAGAGGTGAAATTCTTGGACCGTTTGAAGACAAACTACTGCGAAAGCATTTGCCAAGAATGTTT, Eukaryota, Metazoa, Arthropoda, Flag: Failed at class, Calanidae, Flag: Failed at order, Flag: Failed at Family, Neocalanus, Neocalanus cristatus
AGCTCCAATAGCGTATATTAAAGTTGTTGCGGTTAAAAAGCTCGTAGTTGGATCTCGGCGGGCAGGGGGTGGTTCGCTCTTCAGCGCTACTGCCCCGCTTTGCCCGTGTGATTGGCGGAGGTTTCGGGGTGCTCTTCGTTGAGTGACTCGGAGCGCCGTCAGGTTTACTTTGAAAAAATTAGAGTGCTCAAAGCAGGCTTTTCACGCTTGAATATTCGTGCATGGAATAATGGAATAGGAACTCGTTTCTATTTTGTTGGTTTTCGGAAATCGAGTTAATGATTAACAGGGACAATTGGGGGCATTAGTATTCAGACGACAGAGGTGAAATTCTTGGACCGTCTGAAGACTGACTACTGCGAAAGCATTTGCCAAGGATGTTT, Eukaryota, Metazoa, Arthropoda, Flag: Failed at class, Oithonidae, Flag: Failed at order, Flag: Failed at Family, Oithona, Oithona similis
AGCTCCAATAGCGTATATTAAAGTTGTTGCGGTTAAAAAGCTCGTAGTTGGATTTCTGTTGAGGACGACCGGTCCGCCCTCTGGGTGAGTATCTGGCTCGGCCTTGGCATCTTCTTGGAGAACGTAACTGCACTTGACTGTGTGGTGCGGTATCCAGGACTTTTACTTTGAGGAAATTAGAGTGTTTCAAGCAGGCGTACGCCTTGAATACATTAGCATGGAATAATGAGATAGGACCTTGGTTCTATTTTGTTGGTTTCTAGAGCTGAGGTAATGATTAATAGGGATAGTTGGGGGCATTCGTATTTAATTGTCAGAGGTGAAATTCTTGGATTTATTAAAGACGGACTACTGCGAAAGCATTTGCCAAGGATGTTT, Eukaryota, Sar, Myzozoa, Dinophyceae, NA, Gymnodiniales, Warnowiaceae, Warnowia, unclassified Warnowia
AGCTCCAATAGCGTATATTAAAGTTGTTGCGGTTAAAAAGCTCGTAGTTGGATTTCTGCCGAGGACGACTGGTCCGCCCTCTGGGTGAGCATCTAGTTCGGCCTGGGCATCTTCTTGGAGAACGTAGCTGCACTTGACTGTGTGGTGCGGTATCCAGGACTTTTACCTTGAGGAAATTAGAGTGTTTCAAGCAGGCACACGCCTTGAATACATTAGCATGGAATAATAAGATAGGACCTCGGTTCTATTTTGTTGGTTTCTAGAGCTGAGGTAATGATTAATAGGGATAGTTGGGGGCATTCGTATTTAACTGTCAGAGGTGAAATTCTTGGATTTGTTAAAGACGGACTACTGCGAAAGCATTTGCCAAGGATGTTT, Eukaryota, Sar, Myzozoa, Dinophyceae, NA, Peridiniales, Peridiniaceae, Pentapharsodinium, unclassified Pentapharsodinium
AGCTCCAATAGCGTATATTAAAGTTGTTGCGGTTAAAAAGCTCGTAGTTGGATTTCTGCTGAGGACGACCGGTCCGCCCTCCGGGTGAGCATCTGGTTCGGCCTTGGCATCTTCTTGGTGAACGTAGCTGCACTTGACTGTGTGGTGCGGTACCCAGGACTTTTACTTTGAGGAAATTAGAGTGTTTCAAGCAGGCATACGCCTTGAATACATTAGCATGGAATAATAAGATAGGACCTCGGTTCTATTTTGTTGGTTTCTAGAGCTGAGGTAATGATTAATAGGGATAGTTGGGGGCATTCGTATTTAACTGTCAGAGGTGAAATTCTTGGATTTGTTAAAGACGGACTACTGCGAAAGCATTTGCCAAGGATGTTT, Eukaryota, Sar, Myzozoa, Dinophyceae, NA, Gymnodiniales, Gymnodiniaceae, Gyrodinium, Gyrodinium helveticum
AGCTCCAATAGCGTATATTAAAGTTGTTGCAGTTAAAAAGCTCGTAGTTGGATTTCTGGTAGAAGTAGTGACCTTGGGTCTTTGACCTATGAAGTTGCTATCTTCAACCATCCTTGAAGAGATTTAGTTTGGCATTAAGTTGTCGAACTAAAGATATTCATCTTTTACTGTGAAAAAATCAGAACGTTCAAAGTAAGCATTTAGCTTTGAATGTATTAGCATGGAATAATGAAATAGGACTTAGGTACTACTTTGTTGGTTTATGCACCTAGGTAATGATTAATAGGGATAGTTGGGGGTATTCGTATTCCAATGTTAGAGGTGAAATTCTTGGATTTTTGGAAGACGAACAACTGCGAAAGCATTTACCAAGGATGTTT, Eukaryota, Sar, Ochrophyta, Coscinodiscophyceae, Coscinodiscophycidae, Coscinodiscales, Hemidiscaceae, Actinocyclus, unclassified Actinocyclus
AGCTCCAATAGCGTATATTAAAGTTGTTGCAGTTAAAAAGCTCGTAGTTGGATTTGTGGTGTGTCCAGTCGGCCTTTGCTCTTTGAGTGATAGTGCTGTTACTGGTCTGCCATGTTTGGGTGGAATCTGTGTGGCATTAAGTTGTCGTGCAGGGGATGCCCATCGTTTACTGTGAAAAAATTAGAGTGTTCAAAGCAGGCTTATGCCTCTGAATATATTAGCATGGAATAATGATATAGGACCTTGGTACTATTTTGTTGGTTTGCGCACTGAGGTAATGATTAAGAGGGACAGTTGGGGGTATTTGTATTCCATTGTCAGAGGTGAAATTCTTGGATTTTTGGAAGACAAACTACTGCGAAAGCATTTACCAAGGATGTTT, Eukaryota, Sar, Ochrophyta, Bacillariophyceae, Bacillariophycidae, Bacillariales, Bacillariaceae, Fragilariopsis, Fragilariopsis sublineata
AGCTCCAATAGCGTATATTAAAGTTGTTGCGGTTAAAAAGCTCGTAGTTGGATTTCTGCCGAGGACGACCGGTCCGCCCTCTGGGTGAGCATCTGGTTCGGCCTGGGCATCTTCTTGGAGAACGTTGCTGCACTTGACTGTGTGGAGCGGTATCCAGGACTTTTACTTTGAGGAAATTAGAGTGTTTCAAGCAGGCACACGCCTTGAATACATTAGCATGGAATAATAAGATAGGACCTCGGTTCTATTTTGTTGGTTTCTAGAGCTGAGGTAATGATTAATAGGGATAGTTGGGGGCATTCGTATTTAACTGTCAGAGGTGAAATTCTTGGATTTGTTAAAGACGGACTACTGCGAAAGCATTTGCCAAGGATGTTT, Eukaryota, Sar, Myzozoa, Dinophyceae, NA, Peridiniales, Heterocapsaceae, Heterocapsa, Heterocapsa rotundata
AGCTCCAATAGCGTATATTAAAGTTGTTGCAGTTAAAAAGCTCGTAGTTGGATTTCTAGCGAGGCACGAGAATATCCACCTATGGTGAATACTTCTCTCGCCTTGCTCTTCTTTAGTTGATGTCTCTGGCATTAAGTTGTCGGAGTCCTGAGACTAATCGTTTACTGTGAGAAAATTAGAGTGTTCAAAGCAGGCTTATGCCGTTGAATATATTAGCATGGAATAATAAGATAGGACCTCGGTACTATTTTGTTGGTTTGCGTACTGATGTAATGATAAATAGGGACTGGCGTGGGTATTCGTATTATGATGTCAGAGGTGAAATTCTTAGATTATCGTAAGACGAACGACTGCGAAAGCATTTACCAAGGATGTTT, Eukaryota, Sar, Ochrophyta, Coscinodiscophyceae, Chaetocerotophycidae, Chaetocerotales, Chaetocerotaceae, Chaetoceros, Chaetoceros debilis
