,Kingdom, Subkingdom, Phylum, Class, Order, Family, Genus, Species,,,,
AGCTCCAATAGCGTATATTAAAGTTGCTGCAGTTAAAAAGCTCGTAGTTGGATTTCTAGCGAGGCACGAGAATATCCACCTATGGTGAATACTTCTCTCGCCTTGCTCTTCTTTAGTTGATGTCTCTGGCATTAAGTTGTCGGAGTCCTGAGACTAATCGTTTACTGTGAGAAAATTAGAGTGTTCAAAGCAGGCTTATGCCGTTGAATATATTAGCATGGAATAATAAGATAGGACCTCGGTACTATTTTGTTGGTTTGCGTACTGATGTAATGATAAATAGGGACTGGCGTGGGTATTCGTATTATGATGTCAGAGGTGAAATTCTTAGATTATCGTAAGACGAACGACTGCGAAAGCATTTACCAAGGATGTTT,Eukaryota,Sar,Stramenopiles,Ochrophyta,Bacillariophyta,Coscinodiscophyceae,Chaetocerotophycidae,Chaetocerotales,Chaetocerotaceae,Chaetoceros,Chaetoceros debilis,
AGCTCCAATAGCGTATATTAAAGTTGCTGCAGTTAAAAAGCTCGTAGTTGGATTTCTAGCGAGGCACGAGAATATCCACCTATGGTGAATACTTCTCTCGCCTTGCTCTTCTTTAGTTGATGTCTCTGGCATTAAGTTGTCGGAGTCCTGAGACTAATCGTTTACTGTGAGAAAATTAGAGTGTTCAAAGCAGGCTTATGCCGTTGAATATATTAGCATGGAATAATAAGATAGGACTTCGGTACTATTTTGTTGGTTTGCGTACTGATGTAATGATAAATAGGGACTGGCGTGGGTATTCGTATTATGATGTCAGAGGTGAAATTCTTAGATTATCGTAAGACGAACGACTGCGAAAGCATTTACCAAGGATGTTT,Eukaryota,Sar,Stramenopiles,Ochrophyta,Bacillariophyta,Coscinodiscophyceae,Chaetocerotophycidae,Chaetocerotales,Chaetocerotaceae,Chaetoceros,Chaetoceros brevis,
AGCTCCAATAGCGTATATTAAAGTTGTTGCGGTTAAAAAGCTCGTAGTTGGATTTCTGCCGAGGACGACCGGTCCGCCCTCTGGGTGAGTATCTGGCTTGGCCTGGGCATCTTCTTGGAGAACGTAGCTGCACTTGACTGTGTGGTGCGGTATCCAGGACTTTTACTTTGAGGAAATTAGAGTGTTTCAAGCAGGCATGCGCCTTGAATACATTAGCATGGAATAATAAGATAGGACCTCGGTTCTATTTTGTTGGTTTCTAGAGCTGAGGTAATGATTAATAGGGATAGTTGGGGGCATTCGTATTTAACTGTCAGAGGTGAAATTCTTGGATTTGTTAAAGACGGACTACTGCGAAAGCATTTGCCAAGGATGTTT,Eukaryota,Sar,Alveolata,Dinophyceae,Peridiniales,Heterocapsaceae,Heterocapsa,Heterocapsa rotundata,,,,
AGCTCCAATAGCGTATATTAAAGTTGTTGCGGTTAAAAAGCTCGTAGTTGGATTTCTGCTGAGGACGACCGGTCCGCCCTCCGGGTGAGCATCTGGTTCGGCCTTGGCATCTTCTTGGTGAACGTATCTGCACTTGACTGTGTGGTGCGGTACCCAGGACTTTTACTTTGAGGAAATTAGAGTGTTTCAAGCAGGCATACGCCTTGAATACATTAGCATGGAATAATAAGATAGGACCTCGGTTCTATTTTGTTGGTTTCTAGAGCTGAGGTAATGATTAATAGGGATAGTTGGGGGCATTCGTATTTAACTGTCAGAGGTGAAATTCTTGGATTTGTTAAAGACGGACTACTGCGAAAGCATTTGCCAAGGATGTTT,Eukaryota,Sar,Alveolata,Dinophyceae,Gymnodiniales,Gymnodiniaceae,Gyrodinium,Gyrodinium helveticum,,,,
AGCTCCAATAGCGTATATTAAAGTTGTTGCAGTTAAAAAGCTCGTAGTTGGATTTCTGGTGGGAGTGATCGGTCCGGCACTCATGTGTCGGTACTCGTATTGTCTCCGGCCATCCTTGGGTGGAGTCTGTTTGGCATTAAGTTGTCGAGCAGGTGATGCCCATCGTTTACTGTGAAAAAATTAGAGTGTTCAAAGCAGGCTTAGGCCGTTGAATATATTAGCATGGAATAATAAGATAGGACCTTGGTACTATTTTGTTGGTTTGCGCACCGGGGTAATGATTAATAGGGACAGTTGGGGGTATTTGTATTCCGTTGTCAGAGGTGAAATTCTTGGATTTACGGAAGACAAACTACTGCGAAAGCATTTACCAAGGATGTTT,Eukaryota,Sar,Stramenopiles,Ochrophyta,Bacillariophyta,Mediophyceae,Biddulphiophycidae,Hemiaulales,Hemiaulaceae,Hemiaulus,unclassified Hemiaulus,Hemiaulus sp.
AGCTCCAATAGCGTATATTAAAGTTGTTGCAGTTAAAAAGCTCGTAGTCGGATTTCGGGTCGGGCCGAGCGGTCTGCCGATGGGTATGCACTGTTTGGCGCGGCCTTCTTTCCGGAGACCGCGGCTACTCTTAACTGAGCGGGCGTGGGAGACGGATCGTTTACTTTGAAAAAATCAGAGTGTTTCAAGCAGGCAGCTCGCTCTTGCATGGATTAGCATGGGATAATTGAATAGGACTCTGGTGCTATTTTGTTGGTTTCGAACACCGGAGTAATGATTAACAGGGACAGTCAGGGGCACTCGTATTCCGTCGAGAGAGGTGAAATTCTCAGACCAATGGAAGACGAACCACTGCGAAAGCATTTGCCAGGGATGTTT,Eukaryota,Haptophyceae,Phaeocystales,Phaeocystaceae,Phaeocystis,Phaeocystis antarctica,,,,,,
AGCTCCAATAGCGTATATTAAAGTTGTTGCAGTTAAAAAGCTCGTAGTCGGATTTCGGGTCGGGCCGAGCGGTCTGCCGATGGGTATGCACTGTTTGGCGCGGCCTTCTTTCCGGAGACCGCGGCTACTCTTAACTGAGCGGGCGTGGGAGACGGATCGTTTACTTTGAAAAAATCAGAGTGTTTCAAGCAGGCAGCTCGCTCTTGCATGGATTAGCATGGGATAATCGAATAGGACTCTGGTGCTATTTTGTTGGTTTCGAACACCGGAGTAATGATTAACAGGGACAGTCAGGGGCACTCGTATTCCGTCGAGAGAGGTGAAATTCTCAGACCAATGGAAGACGAACCACTGCGAAAGCATTTGCCAGGGATGTTT,Eukaryota,Haptista,Haptophyta,Prymnesiophyceae,Phaeocystales,Phaeocystaceae,Phaeocystis,Phaeocystis antarctica,,,,
AGCTCCAATAGCGTATATTAAAGTTGTTGCGGTTAAAAAGCTCGTAGTTGGATTTCTGCCGAGGACGACCGGTCCGCCCTCTGGGTGAGTATCTGGCTCGGCCTGGGCATCTTCTTGGAGAACGTAGCTGCACTTGACTGTGTGGTGCGGTATCCAGGACTTTTACTTTGAGGAAATTAGAGTGTTTCAAGCAGGCACACGCCTTGAATACATTAGCATGGAATAATAAGATAGGACCTCGGTTCTATTTTGTTGGTTTCTAGAGCTGAGGTAATGATTAATAGGGATAGTTGGGGGCATTCGTATTTAACTGTCAGAGGTGAAATTCTTGGATTTGTTAAAGACGGACTACTGCGAAAGCATTTGCCAAGGATGTTT,Eukaryota,Sar,Alveolata,Dinophyceae,Gymnodiniales,Ptychodiscaceae,Ptychodiscus,Ptychodiscus noctiluca,,,,
AGCTCCAATAGCGTATATTAAAGTTGTTGCAGTTAAAAAGCTCGTAGTTGGATTTCTGGCAGGAGCGACCGGTCACACACTCTGTGTGTGAACTTGTGTTGTCTCTGGCCATCCTTGGGGAGATCCTGTTTGGCATTAAGTTGTCGGGCAGGGGATACCCATCGTTTACTGTGAAAAAATTAGAGTGTTTAAAGCAGGCTTATGCCGTTGAATATATTAGCATGGAATAATAAGATAGGACTTCGGAACTATTTTGTTGGTTTGCGTTACGAAGTAATGATTAATAGGGACAGTTGGGGGTATTCGTATTTCGTTGTCAGAGGTGAAATTCTTGGATTTCCGAAAGACGAACTACTGCGAAAGCATTTACCAAGGATGTTT,Eukaryota,Sar,Stramenopiles,Ochrophyta,Bacillariophyta,Coscinodiscophyceae,Thalassiosirophycidae,Thalassiosirales,Thalassiosiraceae,Minidiscus,unclassified Minidiscus,Minidiscus sp.
AGCTCCAATAGCGTATATTAAAGTTGTTGCAGTTAAAAAGCTCGTAGTTGGATTTCTGGTGGGAGGGATCGGTCCAGCACACTGTGTTGGAACTGGATCCTCTCCGGCCATCCTTGGGTGGATCTTGTCTGGCATTAAGTTGTCAGTCAGGGGATGCCCATCGTTTACTGTGAAAAAATTAGAGTGTTCAAAGCAGGCTTATGCCATTGAATATATTAGCATGGAATAATAAGATAGGGCCCTGGTGCTATTTTGTTGGTTTGCGTACCGAGGTAATGATTAATAGGGACAGTTGGGGGTATTTGTATTCAGTATTCAGTGGTGAAATACTTAGACCTACGGAAGACAAACTACTGCGAAAGCATTTACCAAGGATGTTT,Eukaryota,Sar,Stramenopiles,Ochrophyta,Bacillariophyta,Coscinodiscophyceae,Chaetocerotophycidae,Chaetocerotales,Chaetocerotaceae,Chaetoceros,Chaetoceros atlanticus,
AGCTCCAATAGCGTATATTAAAGTTGTTGCAGTTAAAAAGCTCGTAGTTGGATTTGTGGTGTGTCCAGTCGGCCTTTGCTCTTTGAGTGATTGTGCTGTACTGGTCTGCCATGTTTGGGTGGAATCTGTGTGGCATTAAGTTGTCGTGCAGGGGATGCCCATCGTTTACTGTGAAAAAATTAGAGTGTTCAAAGCAGGCTTACGCCGTTGAATATATTAGCATGGAATAATAATATAGGACCTTGGTACTATTTTGTTGGTTTGCGCACTAAGGTAATGATTAAGAGGGACAGTTGGGGGTATTTGTATTCCATTGTCAGAGGTGAAATTCTTGGATTTTTGGAAGACAAACTACTGCGAAAGCATTTACCAAGGATGTTT,Eukaryota,Sar,Stramenopiles,Ochrophyta,Bacillariophyta,Bacillariophyceae,Bacillariophycidae,Bacillariales,Bacillariaceae,Pseudo-nitzschia,Pseudo-nitzschia turgidula,
AGCTCCAATAGCGTATATTAAAGTTGTTGCGGTTAAAAAGCTCGTAGTTGGATTTCTGCCGAGGACGACCGGTCCGCCCTCTGGGTGAGTATCTGGTTCGGCCTGGGCATCTTCTTGGAGAACGTATCTGCACTTGACTGTGTGGTGCGGTATCCAGGACTTTTACTTTGAGGAAATTAGAGTGTTTCAAGCAGGCACACGCCTTGAATACATTAGCATGGAATAATAAGATAGGACCTTGGTTCTATTTTGTTGGTTTCTAGAGCTGAGGTAATGATTAATAGGGATAGTTGGGGGCATTCGTATTTAACTGTCAGAGGTGAAATTCTTGGATTTGTTAAAGACGGACTACTGCGAAAGCATTTGCCAAGGATGTTT,Eukaryota,Sar,Alveolata,Dinophyceae,Peridiniales,Heterocapsaceae,Heterocapsa,Heterocapsa rotundata,,,,
AGCTCCAATAGCGTATATTAAAGTTGTTGCGGTTAAAAAGCTCGTAGTTGGATTTCTGCTGAGGACGACCGGTCCGCCCTCTGGGTGAGTATCTGGCTCGGCCTTGGCATCTTCTTGGAGAACGTAACTGCACTTGACTGTGTGGTGCGGTATTCAGGACTTTTACTTTGAGGAAATTAGAGTGTTTCAAGCAGGCGCATGCCTTGAATACATTAGCATGGAATAATGAGATAGGACCTTGGTTCTATTTTGTTGGTTTCTAGAGCTGAGGTAATGATTAATAGGGATAGTTGGGGGCATTCGTATTTAACTGTCAGAGGTGAAATTCTTGGATTTGTTAAAGACGGACTACTGCGAAAGCATTTGCCAAGGATGTTT,Eukaryota,Sar,Alveolata,Dinophyceae,Gymnodiniales,Warnowiaceae,Warnowia,unclassified Warnowia,Warnowia sp. 5 AR-2015,,,
AGCTCCAATAGCGTATATTAAAGTTGTTGCGGTTAAAAAGCTCGTAGTTGGATTTCTGCTGAGGACGACCGGTCCGCCCTCTGGGTGAGTATCTGGCTCGGCCTTGGCATCTTCTTGGGGAACGTAACTGCACTTGACTGTGTGGTGCGGTATCCAGGACTTTTACTTTGAGGAAATTAGAGTGTTTCAAGCAGGCGCACGCCTTGAATACATTAGCATGGAATAATAAGATAGGACCTTGGTTCTATTTTGTTGGTTTCTAGAGCTGAGGTAATGATTAATAGGGATAGTTGGGGGCATTCGTATTTAACTGTCAGAGGTGAAATTCTTGGATTTGTTAAAGACGGACTACTGCGAAAGCATTTGCCAAGGATGTTT,Eukaryota,Sar,Alveolata,Dinophyceae,Gymnodiniales,Warnowiaceae,Warnowia,unclassified Warnowia,Warnowia sp.,,,
AGCTCCAATAGCGTATATTAAAGTTGTTGCGGTTAAAAAGCTCGTAGTTGGATTTCTGCCGAGGACGACCGGTCCGCCCTCTGGGTGAGTATCTGGCTCGGCCTGGGCATCTTCTTGGAGAACGTAGCTGCACTTGACTGTGTGGTGCGGTATCCAGGACTTTTACTTTGAGGAAATTAGAGTGTTTCAAGCAGGCATACGCCTTGAATACATTAGCATGGAATAATAAGATAGGACCTCGGTTCTATTTTGTTGGTTTCTAGAGCTGAGGTAATGATTAATAGGGATAGTTGGGGGCATTCGTATTTAACTGTCAGAGGTGAAATTCTTGGATTTGTTAAAGACGGACTACTGCGAAAGCATTTGCCAAGGATGTTT,Eukaryota,Sar,Alveolata,Dinophyceae,Gymnodiniales,Kareniaceae,Karenia,Karenia papilionacea,,,,
AGCTCCAATAGCGTATATTAAAGTTGTTGCAGTTAAAAAGCTCGTAGTTGGATTTGTGGTGTGTCCAGTCGGCCTTTGCTCTTTGAGTGATTGTGCTGTACTGGTCTGCCATGTTTGGGTGGAATCTGTGTGGCATTAAGTTGTCGTGCAGGGGATGCCCATCGTTTACTGTGAAAAAATTAGAGTGTTCAAAGCAGGCTTATGCCGTTGAATATATTAGCATGGAATAATGATATAGGACCTTGGTACTATTTTGTTGGTTTGCGCACTAAGGTAATGATTAAGAGGGACAGTTGGGGGTATTTGTATTCCATTGTCAGAGGTGAAATTCTTGGATTTTTGGAAGACAAACTACTGCGAAAGCATTTACCAAGGATGTTT,Eukaryota,Sar,Stramenopiles,Ochrophyta,Bacillariophyta,Bacillariophyceae,Bacillariophycidae,Bacillariales,Bacillariaceae,Pseudo-nitzschia,unclassified Pseudo-nitzschia,Pseudo-nitzschia sp.
AGCTCCAATAGCGTATATTAAAGTTGTTGCGGTTAAAAAGCTCGTAGTTGGATTTCTGCCGAGGACGACCGGTCCGCCCTCTGGGTGAGTATCTGGCTCGGCCTGGGCATCTTCTTGGAGAACGTATCTGCACTTGACTGTGTGGTGCGGTATCCAGGACTTTTACTTTGAGGAAATTAGAGTGTTTCAAGCAGGCATACGCCTTGAATACATTAGCATGGAATAATAAGATAGGACCTCGGTTCTATTTTGTTGGTTTCTAGAGCTGAGGTAATGATTAATAGGGATAGTTGGGGGCATTCGTATTTAACTGTCAGAGGTGAAATTCTTGGATTTGTTAAAGACGGACTACTGCGAAAGCATTTGCCAAGGATGTTT,Eukaryota,Sar,Alveolata,Dinophyceae,Peridiniales,Heterocapsaceae,Heterocapsa,Heterocapsa rotundata,,,,
AGCTCCAATAGCGTATATTAAAGTTGTTGCGGTTAAAAAGCTCGTAGTTGGATTTCTGCTGAGGACGACCGGTCCGCCCTCTGGGTGAGTATCTGGCTTGGCCTTGGCATCTTCTTGGAGAACGTAGCTGCACTTGACTGTGTGGTGCGGTATCCAGGACTTTTACTTTGAGGAAATTAGAGTGTTTCAAGCAGGCACACGCCTTGAATACATTAGCATGGAATAATAAGATAGGACCTTGGTTCTATTTTGTTGGTTTCTAGAGCTGAGGTAATGATTAATAGGGATAGTTGGGGGCATTCGTATTTAACTGTCAGAGGTGAAATTCTTGGATTTGTTAAAGACGGACTACTGCGAAAGCATTTGCCAAGGATGTTT,Eukaryota,Sar,Alveolata,Dinophyceae,Peridiniales,Heterocapsaceae,Heterocapsa,Heterocapsa rotundata,,,,
AGCTCCAATAGCGTATATTAAAGTTGTTGCGGTTAAAAAGCTCGTAGTTGGATTTCTGCCGAGGACGACCGGTCCGCCCTCTGGGTGAGTATCTGGCTTGGCCTGGGCATCTTCTTGGAGAACGTAGCTGCACTTGACTGTGTGGTGCGGTATCCAGGACTTTTACTTTGAGGAAATTAGAGTGTTTCAAGCAGGCATACGCCTTGAATACATTAGCATGGAATAATAAGATAGGACCTCGGTTCTATTTTGTTGGTTTCTAGAGCTGAGGTAATGATTAATAGGGATAGTTGGGGGCATTCGTATTTAACTGTCAGAGGTGAAATTCTTGGATTTGTTAAAGACGGACTACTGCGAAAGCATTTGCCAAGGATGTTT,Eukaryota,Sar,Alveolata,Dinophyceae,Peridiniales,Heterocapsaceae,Heterocapsa,Heterocapsa rotundata,,,,
AGCTCCAATAGCGTATATTAAAGTTGTTGTAGTTAAAAAGCTCGTAGTTTGATGTCTGGTGGGAGCAATCAGTATGGCACTTTGTGTCGTAGCTTGCATTGTCTCTGACCATCCTTGGAAAGAATCAGTCTGGCATTAAGTTGTCGGGCTGAAGATTTCCATCTTTTACTGTGAAAAAATTAGAGTGTTCAAAGCAGGCTTAAGCCGTTGAATATATTAGCATGGAATAATGATATAGGACTTTGGTGCTATTTTGTTGGTTTACGTGCCATAGTAATGATTAACAGGGACAGTTGGGGGTATTTGTATTCCAATGTCAGAGGTGAAATTCTTGGATTTTTGGAAGACAAACTACTGCGAAAGCATTTACCAAGGATGTTT,Eukaryota,Sar,Stramenopiles,Ochrophyta,Bacillariophyta,Coscinodiscophyceae,Coscinodiscophycidae,Asterolamprales,Asterolampraceae,Asteromphalus,unclassified Asteromphalus,Asteromphalus sp. TN-2014
AGCTCCAATAGCGTATATTAAAGTTGTTGCAGTTAAAAAGCTCGTAGTTGGATTTGTGGTGTGTCCAGTTGGCCTTTGCTCTTTGAGTGATTGTGCTGTACTGGTCTGCCATGTTTGGGTGGAATCTGTGTGGCATTAAGTTGTCGTGCAGGGGATGCCCATCGTTTACTGTGAAAAAATTAGAGTGTTCAAAGCAGGCTTATGCCGTTGAATATATTAGCATGGAATAATAATATAGGACCTTGGTACTATTTTGTTGGTTTGCGCACTAAGGTAATGATTAAGAGGGACAGTTGGGGGTATTTGTATTCCATTGTCAGAGGTGAAATTCTTGGATTTTTGGAAGACAAACTACTGCGAAAGCATTTACCAAGGATGTTT,Eukaryota,Sar,Stramenopiles,Ochrophyta,Bacillariophyta,Bacillariophyceae,Bacillariophycidae,Bacillariales,Bacillariaceae,Pseudo-nitzschia,Pseudo-nitzschia cuspidata,
AGCTCCAATAGCGTATATTAAAGTTGTTGTGGTTAAAAAGCTCGTAGTTGGATCTCGGCAGTCTGAGGGCGGTTTACTTGCTAGTATTACTGCCCTATAGACTGTAGTTTTGCCAGAGGTTTTAGGGTGCTCTTAATCGAGTGTCCTGGGATGCTGGCAGGTTTACTTTGAAAAAATTAGAGTGCTCAAAGCAGGCTATTACGCCTGAATATTCGTGCATGGAATAATAGAATAGGAAGTCGTTTCTATTTTGTTGGTTTTCGGAAATCGACTTAATGATTAATAGGGACAGTCGGGGGCATTTGTATTCAAACGACAGAGGTGAAATTCTTGGACCGTTTGAAGACAAACTACTGCGAAAGCATTTGCCAAGAATGTTT,Eukaryota,Metazoa,Ecdysozoa,Arthropoda,Crustacea,Multicrustacea,Hexanauplia,Copepoda,Calanoida,Calanidae,Neocalanus,Neocalanus cristatus
AGCTCCAATAGCGTATATTAAAGTTGTTGCGGTTAAAAAGCTCGTAGTTGGATCTCGGCGGGCAGGGGGTGGTTCGCTCTTCAGCGCTACTGCCCCGCTTTGCCCGTGTGATTGGCGGAGGTTTCGGGGTGCTCTTCGTTGAGTGACTCGGAGCGCCGTCAGGTTTACTTTGAAAAAATTAGAGTGCTCAAAGCAGGCTTTTCACGCTTGAATATTCGTGCATGGAATAATGGAATAGGAACTCGTTTCTATTTTGTTGGTTTTCGGAAATCGAGTTAATGATTAACAGGGACAATTGGGGGCATTAGTATTCAGACGACAGAGGTGAAATTCTTGGACCGTCTGAAGACTGACTACTGCGAAAGCATTTGCCAAGGATGTTT,Eukaryota,Metazoa,Ecdysozoa,Arthropoda,Crustacea,Multicrustacea,Hexanauplia,Copepoda,Cyclopoida,Oithonidae,Oithona,Oithona similis
AGCTCCAATAGCGTATATTAAAGTTGTTGCGGTTAAAAAGCTCGTAGTTGGATTTCTGTTGAGGACGACCGGTCCGCCCTCTGGGTGAGTATCTGGCTCGGCCTTGGCATCTTCTTGGAGAACGTAACTGCACTTGACTGTGTGGTGCGGTATCCAGGACTTTTACTTTGAGGAAATTAGAGTGTTTCAAGCAGGCGTACGCCTTGAATACATTAGCATGGAATAATGAGATAGGACCTTGGTTCTATTTTGTTGGTTTCTAGAGCTGAGGTAATGATTAATAGGGATAGTTGGGGGCATTCGTATTTAATTGTCAGAGGTGAAATTCTTGGATTTATTAAAGACGGACTACTGCGAAAGCATTTGCCAAGGATGTTT,Eukaryota,Sar,Alveolata,Dinophyceae,Gymnodiniales,Warnowiaceae,Warnowia,unclassified Warnowia,Warnowia sp. 5 AR-2015,,,
AGCTCCAATAGCGTATATTAAAGTTGTTGCGGTTAAAAAGCTCGTAGTTGGATTTCTGCCGAGGACGACTGGTCCGCCCTCTGGGTGAGCATCTAGTTCGGCCTGGGCATCTTCTTGGAGAACGTAGCTGCACTTGACTGTGTGGTGCGGTATCCAGGACTTTTACCTTGAGGAAATTAGAGTGTTTCAAGCAGGCACACGCCTTGAATACATTAGCATGGAATAATAAGATAGGACCTCGGTTCTATTTTGTTGGTTTCTAGAGCTGAGGTAATGATTAATAGGGATAGTTGGGGGCATTCGTATTTAACTGTCAGAGGTGAAATTCTTGGATTTGTTAAAGACGGACTACTGCGAAAGCATTTGCCAAGGATGTTT,Eukaryota,Sar,Alveolata,Dinophyceae,Peridiniales,Peridiniaceae,Pentapharsodinium,unclassified Pentapharsodinium,Pentapharsodinium sp.,,,
AGCTCCAATAGCGTATATTAAAGTTGTTGCGGTTAAAAAGCTCGTAGTTGGATTTCTGCTGAGGACGACCGGTCCGCCCTCCGGGTGAGCATCTGGTTCGGCCTTGGCATCTTCTTGGTGAACGTAGCTGCACTTGACTGTGTGGTGCGGTACCCAGGACTTTTACTTTGAGGAAATTAGAGTGTTTCAAGCAGGCATACGCCTTGAATACATTAGCATGGAATAATAAGATAGGACCTCGGTTCTATTTTGTTGGTTTCTAGAGCTGAGGTAATGATTAATAGGGATAGTTGGGGGCATTCGTATTTAACTGTCAGAGGTGAAATTCTTGGATTTGTTAAAGACGGACTACTGCGAAAGCATTTGCCAAGGATGTTT,Eukaryota,Sar,Alveolata,Dinophyceae,Gymnodiniales,Gymnodiniaceae,Gyrodinium,Gyrodinium helveticum,,,,
AGCTCCAATAGCGTATATTAAAGTTGTTGCAGTTAAAAAGCTCGTAGTTGGATTTCTGGTAGAAGTAGTGACCTTGGGTCTTTGACCTATGAAGTTGCTATCTTCAACCATCCTTGAAGAGATTTAGTTTGGCATTAAGTTGTCGAACTAAAGATATTCATCTTTTACTGTGAAAAAATCAGAACGTTCAAAGTAAGCATTTAGCTTTGAATGTATTAGCATGGAATAATGAAATAGGACTTAGGTACTACTTTGTTGGTTTATGCACCTAGGTAATGATTAATAGGGATAGTTGGGGGTATTCGTATTCCAATGTTAGAGGTGAAATTCTTGGATTTTTGGAAGACGAACAACTGCGAAAGCATTTACCAAGGATGTTT,Eukaryota,Sar,Stramenopiles,Ochrophyta,Bacillariophyta,Coscinodiscophyceae,Coscinodiscophycidae,Coscinodiscales,Hemidiscaceae,Actinocyclus,unclassified Actinocyclus (in: Bacillariophyta),Actinocyclus sp. 1 MPA-2013
AGCTCCAATAGCGTATATTAAAGTTGTTGCAGTTAAAAAGCTCGTAGTTGGATTTGTGGTGTGTCCAGTCGGCCTTTGCTCTTTGAGTGATAGTGCTGTTACTGGTCTGCCATGTTTGGGTGGAATCTGTGTGGCATTAAGTTGTCGTGCAGGGGATGCCCATCGTTTACTGTGAAAAAATTAGAGTGTTCAAAGCAGGCTTATGCCTCTGAATATATTAGCATGGAATAATGATATAGGACCTTGGTACTATTTTGTTGGTTTGCGCACTGAGGTAATGATTAAGAGGGACAGTTGGGGGTATTTGTATTCCATTGTCAGAGGTGAAATTCTTGGATTTTTGGAAGACAAACTACTGCGAAAGCATTTACCAAGGATGTTT,Eukaryota,Sar,Stramenopiles,Ochrophyta,Bacillariophyta,Bacillariophyceae,Bacillariophycidae,Bacillariales,Bacillariaceae,Fragilariopsis,Fragilariopsis sublineata,
AGCTCCAATAGCGTATATTAAAGTTGTTGCGGTTAAAAAGCTCGTAGTTGGATTTCTGCCGAGGACGACCGGTCCGCCCTCTGGGTGAGCATCTGGTTCGGCCTGGGCATCTTCTTGGAGAACGTTGCTGCACTTGACTGTGTGGAGCGGTATCCAGGACTTTTACTTTGAGGAAATTAGAGTGTTTCAAGCAGGCACACGCCTTGAATACATTAGCATGGAATAATAAGATAGGACCTCGGTTCTATTTTGTTGGTTTCTAGAGCTGAGGTAATGATTAATAGGGATAGTTGGGGGCATTCGTATTTAACTGTCAGAGGTGAAATTCTTGGATTTGTTAAAGACGGACTACTGCGAAAGCATTTGCCAAGGATGTTT,Eukaryota,Sar,Alveolata,Dinophyceae,Peridiniales,Heterocapsaceae,Heterocapsa,Heterocapsa rotundata,,,,
AGCTCCAATAGCGTATATTAAAGTTGTTGCAGTTAAAAAGCTCGTAGTTGGATTTCTAGCGAGGCACGAGAATATCCACCTATGGTGAATACTTCTCTCGCCTTGCTCTTCTTTAGTTGATGTCTCTGGCATTAAGTTGTCGGAGTCCTGAGACTAATCGTTTACTGTGAGAAAATTAGAGTGTTCAAAGCAGGCTTATGCCGTTGAATATATTAGCATGGAATAATAAGATAGGACCTCGGTACTATTTTGTTGGTTTGCGTACTGATGTAATGATAAATAGGGACTGGCGTGGGTATTCGTATTATGATGTCAGAGGTGAAATTCTTAGATTATCGTAAGACGAACGACTGCGAAAGCATTTACCAAGGATGTTT,Eukaryota,Sar,Stramenopiles,Ochrophyta,Bacillariophyta,Coscinodiscophyceae,Chaetocerotophycidae,Chaetocerotales,Chaetocerotaceae,Chaetoceros,Chaetoceros debilis,